[
  {
    "0": 583.4,
    "1": 25.3,
    "2": 13.4,
    "3": 74.9,
    "4": 129,
    "5": 192.2,
    "6": 405.5,
    "7": 883.8,
    "8": 1788.6,
    "9": 4474.8,
    "10": 13392.1,
    "Cause": "All causes",
    "Year": 2016,
    "All ages": 849.3,
    "age adjusted rate": 728.8,
    "percentage": 1
  },
  {
    "0": 589.6,
    "1": 24.9,
    "2": 13.2,
    "3": 69.5,
    "4": 116.7,
    "5": 180.1,
    "6": 404,
    "7": 875.3,
    "8": 1796.8,
    "9": 4579.2,
    "10": 13673.9,
    "Cause": "All causes",
    "Year": 2015,
    "All ages": 844,
    "age adjusted rate": 733.1,
    "percentage": 1
  },
  {
    "0": 588,
    "1": 24,
    "2": 12.7,
    "3": 65.5,
    "4": 108.4,
    "5": 175.2,
    "6": 404.8,
    "7": 870.3,
    "8": 1786.3,
    "9": 4564.2,
    "10": 13407.9,
    "Cause": "All causes",
    "Year": 2014,
    "All ages": 823.7,
    "age adjusted rate": 724.6,
    "percentage": 1
  },
  {
    "0": 594.7,
    "1": 25.5,
    "2": 13,
    "3": 64.8,
    "4": 106.1,
    "5": 172,
    "6": 406.1,
    "7": 860,
    "8": 1802.1,
    "9": 4648.1,
    "10": 13660.4,
    "Cause": "All causes",
    "Year": 2013,
    "All ages": 821.5,
    "age adjusted rate": 731.9,
    "percentage": 1
  },
  {
    "0": 599.3,
    "1": 26.3,
    "2": 12.6,
    "3": 66.4,
    "4": 105.4,
    "5": 170.7,
    "6": 405.4,
    "7": 854.2,
    "8": 1802.5,
    "9": 4674.5,
    "10": 13678.6,
    "Cause": "All causes",
    "Year": 2012,
    "All ages": 810.2,
    "age adjusted rate": 732.8,
    "percentage": 1
  },
  {
    "0": 600.1,
    "1": 26.3,
    "2": 13.2,
    "3": 67.7,
    "4": 104.7,
    "5": 172,
    "6": 409.8,
    "7": 849.4,
    "8": 1846.2,
    "9": 4753,
    "10": 13779.3,
    "Cause": "All causes",
    "Year": 2011,
    "All ages": 807.3,
    "age adjusted rate": 741.3,
    "percentage": 1
  },
  {
    "0": 623.4,
    "1": 26.5,
    "2": 12.9,
    "3": 67.7,
    "4": 102.9,
    "5": 170.5,
    "6": 407.1,
    "7": 851.9,
    "8": 1875.1,
    "9": 4790.2,
    "10": 13934.3,
    "Cause": "All causes",
    "Year": 2010,
    "All ages": 799.5,
    "age adjusted rate": 747,
    "percentage": 1
  },
  {
    "0": 659.7,
    "1": 27.4,
    "2": 13.8,
    "3": 69.8,
    "4": 104.4,
    "5": 180,
    "6": 418.1,
    "7": 856.7,
    "8": 1888.7,
    "9": 4820.2,
    "10": 13660.1,
    "Cause": "All causes",
    "Year": 2009,
    "All ages": 794.5,
    "age adjusted rate": 749.6,
    "percentage": 1
  },
  {
    "0": 678.9,
    "1": 29.3,
    "2": 13.9,
    "3": 74.2,
    "4": 105.1,
    "5": 181,
    "6": 419.6,
    "7": 867.1,
    "8": 1958.4,
    "9": 4998.1,
    "10": 14332.4,
    "Cause": "All causes",
    "Year": 2008,
    "All ages": 812.9,
    "age adjusted rate": 774.9,
    "percentage": 1
  },
  {
    "0": 702.5,
    "1": 29.4,
    "2": 15.2,
    "3": 78.8,
    "4": 107.2,
    "5": 186,
    "6": 420.3,
    "7": 866.7,
    "8": 1976,
    "9": 4987.1,
    "10": 14160.9,
    "Cause": "All causes",
    "Year": 2007,
    "All ages": 804.6,
    "age adjusted rate": 775.3,
    "percentage": 1
  },
  {
    "0": 705.8,
    "1": 29.1,
    "2": 15.2,
    "3": 81.4,
    "4": 109,
    "5": 192,
    "6": 427.5,
    "7": 881.3,
    "8": 2031.4,
    "9": 5096.1,
    "10": 14426.7,
    "Cause": "All causes",
    "Year": 2006,
    "All ages": 813.1,
    "age adjusted rate": 791.8,
    "percentage": 1
  },
  {
    "0": 710.2,
    "1": 29.9,
    "2": 16.3,
    "3": 80.7,
    "4": 106.8,
    "5": 194.9,
    "6": 431.9,
    "7": 898.5,
    "8": 2109.7,
    "9": 5251.8,
    "10": 14982.4,
    "Cause": "All causes",
    "Year": 2005,
    "All ages": 828.4,
    "age adjusted rate": 815,
    "percentage": 1
  },
  {
    "0": 695.9,
    "1": 30.3,
    "2": 16.7,
    "3": 79.7,
    "4": 104.1,
    "5": 194.9,
    "6": 426.8,
    "7": 903.2,
    "8": 2141,
    "9": 5267.4,
    "10": 14777.6,
    "Cause": "All causes",
    "Year": 2004,
    "All ages": 818.8,
    "age adjusted rate": 813.7,
    "percentage": 1
  },
  {
    "0": 704.9,
    "1": 31.8,
    "2": 16.9,
    "3": 81.1,
    "4": 105.2,
    "5": 202.6,
    "6": 433.1,
    "7": 937.3,
    "8": 2235,
    "9": 5451.3,
    "10": 15401.4,
    "Cause": "All causes",
    "Year": 2003,
    "All ages": 843.9,
    "age adjusted rate": 843.5,
    "percentage": 1
  },
  {
    "0": 709.5,
    "1": 31.4,
    "2": 17.4,
    "3": 80.9,
    "4": 105.1,
    "5": 204.2,
    "6": 431,
    "7": 948.7,
    "8": 2300.3,
    "9": 5543.8,
    "10": 15589.5,
    "Cause": "All causes",
    "Year": 2002,
    "All ages": 849.5,
    "age adjusted rate": 855.9,
    "percentage": 1
  },
  {
    "0": 687,
    "1": 33.4,
    "2": 17.2,
    "3": 80.2,
    "4": 105.6,
    "5": 203.5,
    "6": 426.7,
    "7": 972.5,
    "8": 2344.2,
    "9": 5573.7,
    "10": 15432.6,
    "Cause": "All causes",
    "Year": 2001,
    "All ages": 848,
    "age adjusted rate": 858.8,
    "percentage": 1
  },
  {
    "0": 736.7,
    "1": 32.4,
    "2": 18,
    "3": 79.9,
    "4": 101.4,
    "5": 198.9,
    "6": 425.6,
    "7": 992.2,
    "8": 2399.1,
    "9": 5666.5,
    "10": 15524.4,
    "Cause": "All causes",
    "Year": 2000,
    "All ages": 854,
    "age adjusted rate": 869,
    "percentage": 1
  },
  {
    "0": 736,
    "1": 34.2,
    "2": 18.6,
    "3": 79.3,
    "4": 102.2,
    "5": 198,
    "6": 418.2,
    "7": 1005,
    "8": 2457.3,
    "9": 5714.5,
    "10": 15554.6,
    "Cause": "All causes",
    "Year": 1999,
    "All ages": 857,
    "age adjusted rate": 875.6,
    "percentage": 1
  },
  {
    "0": 7.4,
    "1": 0.7,
    "2": 0.5,
    "3": 2.2,
    "4": 7.7,
    "5": 25.9,
    "6": 79.5,
    "7": 189.6,
    "8": 392.5,
    "9": 1037.1,
    "10": 3873.4,
    "Cause": "Diseases of the heart",
    "Year": 2016,
    "All ages": 196.6,
    "age adjusted rate": 165.5,
    "percentage": 0.22708562
  },
  {
    "0": 7.3,
    "1": 0.9,
    "2": 0.5,
    "3": 2.3,
    "4": 8,
    "5": 25.6,
    "6": 79.3,
    "7": 188.1,
    "8": 389.5,
    "9": 1071.6,
    "10": 3986.5,
    "Cause": "Diseases of the heart",
    "Year": 2015,
    "All ages": 197.2,
    "age adjusted rate": 168.5,
    "percentage": 0.22984586
  },
  {
    "0": 8,
    "1": 0.9,
    "2": 0.5,
    "3": 2.2,
    "4": 7.7,
    "5": 25.6,
    "6": 80.1,
    "7": 185.8,
    "8": 385.2,
    "9": 1070.2,
    "10": 3920.9,
    "Cause": "Diseases of the heart",
    "Year": 2014,
    "All ages": 192.7,
    "age adjusted rate": 167,
    "percentage": 0.230471985
  },
  {
    "0": 7.8,
    "1": 1.1,
    "2": 0.4,
    "3": 2.1,
    "4": 7.6,
    "5": 25.6,
    "6": 80.3,
    "7": 184.6,
    "8": 390.3,
    "9": 1095.1,
    "10": 4013.9,
    "Cause": "Diseases of the heart",
    "Year": 2013,
    "All ages": 193.3,
    "age adjusted rate": 169.8,
    "percentage": 0.231998907
  },
  {
    "0": 8.5,
    "1": 1,
    "2": 0.4,
    "3": 2.2,
    "4": 7.6,
    "5": 25.9,
    "6": 79.7,
    "7": 184.6,
    "8": 388.3,
    "9": 1103.7,
    "10": 4046.1,
    "Cause": "Diseases of the heart",
    "Year": 2012,
    "All ages": 191,
    "age adjusted rate": 170.5,
    "percentage": 0.232669214
  },
  {
    "0": 7.7,
    "1": 1,
    "2": 0.5,
    "3": 2.3,
    "4": 7.9,
    "5": 26.2,
    "6": 80.7,
    "7": 183.2,
    "8": 399,
    "9": 1134.7,
    "10": 4111.6,
    "Cause": "Diseases of the heart",
    "Year": 2011,
    "All ages": 191.5,
    "age adjusted rate": 173.7,
    "percentage": 0.23431809
  },
  {
    "0": 8.3,
    "1": 1,
    "2": 0.5,
    "3": 2.4,
    "4": 7.8,
    "5": 25.8,
    "6": 81.6,
    "7": 186.6,
    "8": 409.2,
    "9": 1172,
    "10": 4285.2,
    "Cause": "Diseases of the heart",
    "Year": 2010,
    "All ages": 193.6,
    "age adjusted rate": 179.1,
    "percentage": 0.239759036
  },
  {
    "0": 9.6,
    "1": 0.9,
    "2": 0.5,
    "3": 2.4,
    "4": 7.8,
    "5": 26.7,
    "6": 82.3,
    "7": 190,
    "8": 422.8,
    "9": 1210.8,
    "10": 4316.9,
    "Cause": "Diseases of the heart",
    "Year": 2009,
    "All ages": 195.4,
    "age adjusted rate": 182.8,
    "percentage": 0.243863394
  },
  {
    "0": 9.6,
    "1": 1.2,
    "2": 0.6,
    "3": 2.5,
    "4": 8.1,
    "5": 26.9,
    "6": 85.2,
    "7": 195.3,
    "8": 441.4,
    "9": 1271.7,
    "10": 4598.4,
    "Cause": "Diseases of the heart",
    "Year": 2008,
    "All ages": 202.8,
    "age adjusted rate": 192.1,
    "percentage": 0.247902955
  },
  {
    "0": 10.2,
    "1": 1.1,
    "2": 0.6,
    "3": 2.5,
    "4": 8.1,
    "5": 27.7,
    "6": 85.2,
    "7": 197.8,
    "8": 454.8,
    "9": 1308.6,
    "10": 4668.1,
    "Cause": "Diseases of the heart",
    "Year": 2007,
    "All ages": 204.5,
    "age adjusted rate": 196.1,
    "percentage": 0.252934348
  },
  {
    "0": 8.6,
    "1": 1,
    "2": 0.6,
    "3": 2.5,
    "4": 8.4,
    "5": 28.5,
    "6": 88,
    "7": 205.1,
    "8": 483,
    "9": 1378,
    "10": 4877.6,
    "Cause": "Diseases of the heart",
    "Year": 2006,
    "All ages": 211.7,
    "age adjusted rate": 205.5,
    "percentage": 0.259535236
  },
  {
    "0": 8.9,
    "1": 0.9,
    "2": 0.6,
    "3": 2.6,
    "4": 8.3,
    "5": 29.2,
    "6": 89.7,
    "7": 212.8,
    "8": 512.3,
    "9": 1458.5,
    "10": 5188.3,
    "Cause": "Diseases of the heart",
    "Year": 2005,
    "All ages": 220.7,
    "age adjusted rate": 216.8,
    "percentage": 0.26601227
  },
  {
    "0": 10.5,
    "1": 1.2,
    "2": 0.6,
    "3": 2.5,
    "4": 8.1,
    "5": 29.5,
    "6": 90.2,
    "7": 217.1,
    "8": 535.7,
    "9": 1504.1,
    "10": 5233.8,
    "Cause": "Diseases of the heart",
    "Year": 2004,
    "All ages": 222.8,
    "age adjusted rate": 221.6,
    "percentage": 0.272336242
  },
  {
    "0": 11,
    "1": 1.2,
    "2": 0.6,
    "3": 2.7,
    "4": 8.3,
    "5": 30.8,
    "6": 92.4,
    "7": 232.3,
    "8": 579.8,
    "9": 1607.7,
    "10": 5570.7,
    "Cause": "Diseases of the heart",
    "Year": 2003,
    "All ages": 236.1,
    "age adjusted rate": 236.3,
    "percentage": 0.280142264
  },
  {
    "0": 12.7,
    "1": 1.1,
    "2": 0.6,
    "3": 2.5,
    "4": 8,
    "5": 30.7,
    "6": 93.9,
    "7": 240.5,
    "8": 612,
    "9": 1673.2,
    "10": 5726.3,
    "Cause": "Diseases of the heart",
    "Year": 2002,
    "All ages": 242.3,
    "age adjusted rate": 244.6,
    "percentage": 0.285781049
  },
  {
    "0": 11.9,
    "1": 1.5,
    "2": 0.7,
    "3": 2.5,
    "4": 8,
    "5": 29.6,
    "6": 92.4,
    "7": 248.9,
    "8": 632.6,
    "9": 1723,
    "10": 5784.1,
    "Cause": "Diseases of the heart",
    "Year": 2001,
    "All ages": 245.7,
    "age adjusted rate": 249.5,
    "percentage": 0.290521658
  },
  {
    "0": 13,
    "1": 1.2,
    "2": 0.7,
    "3": 2.6,
    "4": 7.4,
    "5": 29.2,
    "6": 94.2,
    "7": 261.2,
    "8": 665.6,
    "9": 1780.3,
    "10": 5926.1,
    "Cause": "Diseases of the heart",
    "Year": 2000,
    "All ages": 252.6,
    "age adjusted rate": 257.6,
    "percentage": 0.296432681
  },
  {
    "0": 13.8,
    "1": 1.2,
    "2": 0.7,
    "3": 2.8,
    "4": 7.6,
    "5": 30.2,
    "6": 95.7,
    "7": 269.9,
    "8": 701.7,
    "9": 1849.9,
    "10": 6063,
    "Cause": "Diseases of the heart",
    "Year": 1999,
    "All ages": 259.9,
    "age adjusted rate": 266.5,
    "percentage": 0.304362723
  },
  {
    "0": 30.7,
    "1": 7.9,
    "2": 4,
    "3": 31.9,
    "4": 53.7,
    "5": 51.8,
    "6": 54.6,
    "7": 52.7,
    "8": 49.1,
    "9": 110.7,
    "10": 365.7,
    "Cause": "Accidents",
    "Year": 2016,
    "All ages": 49.9,
    "age adjusted rate": 47.4,
    "percentage": 0.065038419
  },
  {
    "0": 32.5,
    "1": 7.8,
    "2": 3.7,
    "3": 28.5,
    "4": 44.8,
    "5": 43.9,
    "6": 49.8,
    "7": 47.7,
    "8": 47,
    "9": 111.5,
    "10": 364.5,
    "Cause": "Accidents",
    "Year": 2015,
    "All ages": 45.6,
    "age adjusted rate": 43.2,
    "percentage": 0.058927841
  },
  {
    "0": 29.4,
    "1": 7.6,
    "2": 3.6,
    "3": 26.8,
    "4": 39.8,
    "5": 39.6,
    "6": 47.4,
    "7": 44.9,
    "8": 45.1,
    "9": 108.7,
    "10": 349.1,
    "Cause": "Accidents",
    "Year": 2014,
    "All ages": 42.6,
    "age adjusted rate": 40.5,
    "percentage": 0.055892906
  },
  {
    "0": 29.3,
    "1": 8.3,
    "2": 3.7,
    "3": 26.4,
    "4": 37.8,
    "5": 38,
    "6": 46.5,
    "7": 43.4,
    "8": 43.5,
    "9": 107.4,
    "10": 340,
    "Cause": "Accidents",
    "Year": 2013,
    "All ages": 41.3,
    "age adjusted rate": 39.4,
    "percentage": 0.053832491
  },
  {
    "0": 29.6,
    "1": 8.4,
    "2": 3.8,
    "3": 27.1,
    "4": 37.5,
    "5": 37.1,
    "6": 46.1,
    "7": 41,
    "8": 44,
    "9": 107.8,
    "10": 336.9,
    "Cause": "Accidents",
    "Year": 2012,
    "All ages": 40.7,
    "age adjusted rate": 39.1,
    "percentage": 0.053356987
  },
  {
    "0": 29.1,
    "1": 8.5,
    "2": 4,
    "3": 28.2,
    "4": 37.1,
    "5": 37.5,
    "6": 46.4,
    "7": 39.8,
    "8": 44.5,
    "9": 107,
    "10": 333.8,
    "Cause": "Accidents",
    "Year": 2011,
    "All ages": 40.6,
    "age adjusted rate": 39.1,
    "percentage": 0.052745177
  },
  {
    "0": 28.1,
    "1": 8.6,
    "2": 4,
    "3": 28.3,
    "4": 35.5,
    "5": 36,
    "6": 43.7,
    "7": 38.4,
    "8": 43.3,
    "9": 106.1,
    "10": 328.4,
    "Cause": "Accidents",
    "Year": 2010,
    "All ages": 39.1,
    "age adjusted rate": 38,
    "percentage": 0.050870147
  },
  {
    "0": 29.5,
    "1": 9,
    "2": 4.1,
    "3": 28.6,
    "4": 34.5,
    "5": 36.4,
    "6": 44.5,
    "7": 36.5,
    "8": 42.1,
    "9": 103.5,
    "10": 310.9,
    "Cause": "Accidents",
    "Year": 2009,
    "All ages": 38.5,
    "age adjusted rate": 37.5,
    "percentage": 0.050026681
  },
  {
    "0": 31.8,
    "1": 9.1,
    "2": 4.6,
    "3": 32.5,
    "4": 36.3,
    "5": 38.1,
    "6": 45.8,
    "7": 37.4,
    "8": 43.9,
    "9": 105.7,
    "10": 318.3,
    "Cause": "Accidents",
    "Year": 2008,
    "All ages": 40.1,
    "age adjusted rate": 39.2,
    "percentage": 0.050587173
  },
  {
    "0": 31,
    "1": 9.9,
    "2": 5.4,
    "3": 36.8,
    "4": 37.7,
    "5": 39.6,
    "6": 46.2,
    "7": 36.8,
    "8": 44.4,
    "9": 105,
    "10": 313.6,
    "Cause": "Accidents",
    "Year": 2007,
    "All ages": 41.1,
    "age adjusted rate": 40.4,
    "percentage": 0.052108861
  },
  {
    "0": 28.4,
    "1": 10.1,
    "2": 5.6,
    "3": 37.9,
    "4": 38,
    "5": 40.5,
    "6": 45.5,
    "7": 35.8,
    "8": 43.8,
    "9": 104.7,
    "10": 299.2,
    "Cause": "Accidents",
    "Year": 2006,
    "All ages": 40.8,
    "age adjusted rate": 40.2,
    "percentage": 0.050770397
  },
  {
    "0": 27,
    "1": 10.5,
    "2": 5.9,
    "3": 37.1,
    "4": 35.7,
    "5": 38.9,
    "6": 43.2,
    "7": 35.4,
    "8": 45.7,
    "9": 106,
    "10": 303.5,
    "Cause": "Accidents",
    "Year": 2005,
    "All ages": 39.9,
    "age adjusted rate": 39.5,
    "percentage": 0.048466258
  },
  {
    "0": 26.2,
    "1": 10.4,
    "2": 6.5,
    "3": 36.8,
    "4": 33.2,
    "5": 37.6,
    "6": 40.7,
    "7": 32.9,
    "8": 43.5,
    "9": 103.6,
    "10": 295.8,
    "Cause": "Accidents",
    "Year": 2004,
    "All ages": 38.3,
    "age adjusted rate": 38.1,
    "percentage": 0.046823153
  },
  {
    "0": 23.8,
    "1": 11,
    "2": 6.4,
    "3": 36.9,
    "4": 32,
    "5": 38,
    "6": 38.8,
    "7": 32.7,
    "8": 43.7,
    "9": 101.6,
    "10": 294.3,
    "Cause": "Accidents",
    "Year": 2003,
    "All ages": 37.7,
    "age adjusted rate": 37.6,
    "percentage": 0.044576171
  },
  {
    "0": 23.9,
    "1": 10.6,
    "2": 6.6,
    "3": 37.7,
    "4": 31.9,
    "5": 37.4,
    "6": 36.7,
    "7": 31.3,
    "8": 44,
    "9": 101.1,
    "10": 289.6,
    "Cause": "Accidents",
    "Year": 2002,
    "All ages": 37.1,
    "age adjusted rate": 37.1,
    "percentage": 0.043346185
  },
  {
    "0": 24.3,
    "1": 11.2,
    "2": 6.9,
    "3": 35.8,
    "4": 30,
    "5": 35.4,
    "6": 33.9,
    "7": 30.5,
    "8": 42.6,
    "9": 100.7,
    "10": 282.2,
    "Cause": "Accidents",
    "Year": 2001,
    "All ages": 35.6,
    "age adjusted rate": 35.7,
    "percentage": 0.041569632
  },
  {
    "0": 23.1,
    "1": 11.9,
    "2": 7.3,
    "3": 36,
    "4": 29.5,
    "5": 34.1,
    "6": 32.6,
    "7": 30.9,
    "8": 41.9,
    "9": 95.1,
    "10": 273.5,
    "Cause": "Accidents",
    "Year": 2000,
    "All ages": 34.8,
    "age adjusted rate": 34.9,
    "percentage": 0.040161105
  },
  {
    "0": 22.3,
    "1": 12.4,
    "2": 7.6,
    "3": 35.3,
    "4": 29.6,
    "5": 33.8,
    "6": 31.8,
    "7": 30.6,
    "8": 44.6,
    "9": 100.5,
    "10": 282.4,
    "Cause": "Accidents",
    "Year": 1999,
    "All ages": 35.1,
    "age adjusted rate": 35.3,
    "percentage": 0.040315212
  },
  {
    "0": 4.2,
    "1": 0.6,
    "2": 0.2,
    "3": 0.4,
    "4": 1,
    "5": 2.2,
    "6": 5,
    "7": 12.1,
    "8": 28.5,
    "9": 88.5,
    "10": 340.3,
    "Cause": "Influenza and pneumonia",
    "Year": 2016,
    "All ages": 15.9,
    "age adjusted rate": 13.5,
    "percentage": 0.0185236
  },
  {
    "0": 4.4,
    "1": 0.6,
    "2": 0.2,
    "3": 0.4,
    "4": 0.9,
    "5": 1.7,
    "6": 4.7,
    "7": 11.3,
    "8": 29.5,
    "9": 101.6,
    "10": 421.4,
    "Cause": "Influenza and pneumonia",
    "Year": 2015,
    "All ages": 17.8,
    "age adjusted rate": 15.2,
    "percentage": 0.02073387
  },
  {
    "0": 4.7,
    "1": 0.7,
    "2": 0.2,
    "3": 0.5,
    "4": 1.3,
    "5": 2.8,
    "6": 6.3,
    "7": 13.4,
    "8": 29.8,
    "9": 96.4,
    "10": 385.9,
    "Cause": "Influenza and pneumonia",
    "Year": 2014,
    "All ages": 17.3,
    "age adjusted rate": 15.1,
    "percentage": 0.020839084
  },
  {
    "0": 4.5,
    "1": 0.6,
    "2": 0.3,
    "3": 0.4,
    "4": 1,
    "5": 2.2,
    "6": 5.1,
    "7": 12.2,
    "8": 29.5,
    "9": 103.7,
    "10": 441,
    "Cause": "Influenza and pneumonia",
    "Year": 2013,
    "All ages": 18,
    "age adjusted rate": 15.9,
    "percentage": 0.021724279
  },
  {
    "0": 4,
    "1": 0.6,
    "2": 0.2,
    "3": 0.3,
    "4": 0.8,
    "5": 1.7,
    "6": 4.1,
    "7": 10.2,
    "8": 26.1,
    "9": 98.2,
    "10": 408.4,
    "Cause": "Influenza and pneumonia",
    "Year": 2012,
    "All ages": 16.1,
    "age adjusted rate": 14.4,
    "percentage": 0.019650655
  },
  {
    "0": 5.2,
    "1": 0.7,
    "2": 0.3,
    "3": 0.5,
    "4": 1.2,
    "5": 2.1,
    "6": 5,
    "7": 11,
    "8": 28.9,
    "9": 104,
    "10": 439.2,
    "Cause": "Influenza and pneumonia",
    "Year": 2011,
    "All ages": 17.3,
    "age adjusted rate": 15.7,
    "percentage": 0.02117901
  },
  {
    "0": 4.9,
    "1": 0.6,
    "2": 0.2,
    "3": 0.4,
    "4": 0.9,
    "5": 1.9,
    "6": 4.3,
    "7": 9.9,
    "8": 27.9,
    "9": 102.4,
    "10": 426.2,
    "Cause": "Influenza and pneumonia",
    "Year": 2010,
    "All ages": 16.2,
    "age adjusted rate": 15.1,
    "percentage": 0.02021419
  },
  {
    "0": 6.3,
    "1": 0.9,
    "2": 0.6,
    "3": 1,
    "4": 2,
    "5": 3.2,
    "6": 6.5,
    "7": 11.7,
    "8": 29.5,
    "9": 107,
    "10": 433.8,
    "Cause": "Influenza and pneumonia",
    "Year": 2009,
    "All ages": 17.5,
    "age adjusted rate": 16.5,
    "percentage": 0.02201174
  },
  {
    "0": 5.5,
    "1": 0.9,
    "2": 0.2,
    "3": 0.5,
    "4": 0.9,
    "5": 2.1,
    "6": 5.1,
    "7": 10.9,
    "8": 30.5,
    "9": 118.6,
    "10": 512.3,
    "Cause": "Influenza and pneumonia",
    "Year": 2008,
    "All ages": 18.5,
    "age adjusted rate": 17.6,
    "percentage": 0.022712608
  },
  {
    "0": 5.4,
    "1": 0.7,
    "2": 0.3,
    "3": 0.4,
    "4": 0.8,
    "5": 1.8,
    "6": 4.3,
    "7": 9.5,
    "8": 28.2,
    "9": 113.5,
    "10": 506.7,
    "Cause": "Influenza and pneumonia",
    "Year": 2007,
    "All ages": 17.5,
    "age adjusted rate": 16.8,
    "percentage": 0.021669031
  },
  {
    "0": 6.5,
    "1": 0.8,
    "2": 0.2,
    "3": 0.4,
    "4": 0.9,
    "5": 1.9,
    "6": 4.6,
    "7": 9.9,
    "8": 31.6,
    "9": 127.3,
    "10": 547,
    "Cause": "Influenza and pneumonia",
    "Year": 2006,
    "All ages": 18.9,
    "age adjusted rate": 18.4,
    "percentage": 0.023238191
  },
  {
    "0": 6.6,
    "1": 0.7,
    "2": 0.3,
    "3": 0.4,
    "4": 0.9,
    "5": 2.1,
    "6": 5.1,
    "7": 11.2,
    "8": 35.1,
    "9": 142,
    "10": 644.9,
    "Cause": "Influenza and pneumonia",
    "Year": 2005,
    "All ages": 21.3,
    "age adjusted rate": 21,
    "percentage": 0.025766871
  },
  {
    "0": 6.8,
    "1": 0.8,
    "2": 0.2,
    "3": 0.4,
    "4": 0.8,
    "5": 2,
    "6": 4.6,
    "7": 10.8,
    "8": 34.2,
    "9": 139.1,
    "10": 622.8,
    "Cause": "Influenza and pneumonia",
    "Year": 2004,
    "All ages": 20.4,
    "age adjusted rate": 20.4,
    "percentage": 0.025070665
  },
  {
    "0": 8.1,
    "1": 1,
    "2": 0.4,
    "3": 0.5,
    "4": 1,
    "5": 2.2,
    "6": 5.2,
    "7": 11.2,
    "8": 36.9,
    "9": 150.8,
    "10": 703,
    "Cause": "Influenza and pneumonia",
    "Year": 2003,
    "All ages": 22.5,
    "age adjusted rate": 22.6,
    "percentage": 0.026793124
  },
  {
    "0": 6.7,
    "1": 0.7,
    "2": 0.2,
    "3": 0.4,
    "4": 0.9,
    "5": 2.2,
    "6": 4.8,
    "7": 11.2,
    "8": 37.2,
    "9": 156.6,
    "10": 732.4,
    "Cause": "Influenza and pneumonia",
    "Year": 2002,
    "All ages": 22.8,
    "age adjusted rate": 23.2,
    "percentage": 0.02710597
  },
  {
    "0": 7.5,
    "1": 0.7,
    "2": 0.2,
    "3": 0.5,
    "4": 0.9,
    "5": 2.2,
    "6": 4.6,
    "7": 10.8,
    "8": 36.2,
    "9": 148.3,
    "10": 700.1,
    "Cause": "Influenza and pneumonia",
    "Year": 2001,
    "All ages": 21.8,
    "age adjusted rate": 22.2,
    "percentage": 0.025850023
  },
  {
    "0": 7.6,
    "1": 0.7,
    "2": 0.2,
    "3": 0.5,
    "4": 0.9,
    "5": 2.4,
    "6": 4.7,
    "7": 11.9,
    "8": 39.1,
    "9": 160.3,
    "10": 744.1,
    "Cause": "Influenza and pneumonia",
    "Year": 2000,
    "All ages": 23.2,
    "age adjusted rate": 23.7,
    "percentage": 0.027272727
  },
  {
    "0": 8.4,
    "1": 0.8,
    "2": 0.2,
    "3": 0.5,
    "4": 0.8,
    "5": 2.4,
    "6": 4.6,
    "7": 11,
    "8": 37.2,
    "9": 157,
    "10": 751.8,
    "Cause": "Influenza and pneumonia",
    "Year": 1999,
    "All ages": 22.8,
    "age adjusted rate": 23.5,
    "percentage": 0.026838739
  },
  {
    "0": "*",
    "1": "*",
    "2": 1.1,
    "3": 13.2,
    "4": 16.5,
    "5": 17.4,
    "6": 19.7,
    "7": 18.7,
    "8": 15.4,
    "9": 18.2,
    "10": 19,
    "Cause": "Intentional self-harm",
    "Year": 2016,
    "All ages": 13.9,
    "age adjusted rate": 13.5,
    "percentage": 0.0185236
  },
  {
    "0": "*",
    "1": "*",

    "2": 1,
    "3": 12.5,
    "4": 15.7,
    "5": 17.1,
    "6": 20.3,
    "7": 18.9,
    "8": 15.2,
    "9": 17.9,
    "10": 19.4,
    "Cause": "Intentional self-harm",
    "Year": 2015,
    "All ages": 13.7,
    "age adjusted rate": 13.3,
    "percentage": 0.018142136
  },
  {
    "0": "*",
    "1": "*",
    "2": 1,
    "3": 11.6,
    "4": 15.1,
    "5": 16.6,
    "6": 20.2,
    "7": 18.8,
    "8": 15.6,
    "9": 17.5,
    "10": 19.3,
    "Cause": "Intentional self-harm",
    "Year": 2014,
    "All ages": 13.4,
    "age adjusted rate": 13,
    "percentage": 0.017940933
  },
  {
    "0": "*",
    "1": "*",
    "2": 1,
    "3": 11.1,
    "4": 14.8,
    "5": 16.2,
    "6": 19.7,
    "7": 18.1,
    "8": 15,
    "9": 17.1,
    "10": 18.6,
    "Cause": "Intentional self-harm",
    "Year": 2013,
    "All ages": 13,
    "age adjusted rate": 12.6,
    "percentage": 0.017215467
  },
  {
    "0": "*",
    "1": "*",
    "2": 0.8,
    "3": 11.1,
    "4": 14.7,
    "5": 16.7,
    "6": 20,
    "7": 18,
    "8": 14,
    "9": 16.8,
    "10": 17.8,
    "Cause": "Intentional self-harm",
    "Year": 2012,
    "All ages": 12.9,
    "age adjusted rate": 12.6,
    "percentage": 0.017194323
  },
  {
    "0": "*",
    "1": "*",
    "2": 0.7,
    "3": 11,
    "4": 14.6,
    "5": 16.2,
    "6": 19.8,
    "7": 17.1,
    "8": 14.1,
    "9": 16.5,
    "10": 16.9,
    "Cause": "Intentional self-harm",
    "Year": 2011,
    "All ages": 12.7,
    "age adjusted rate": 12.3,
    "percentage": 0.016592473
  },
  {
    "0": "*",
    "1": "*",
    "2": 0.7,
    "3": 10.5,
    "4": 14,
    "5": 16,
    "6": 19.6,
    "7": 17.5,
    "8": 13.7,
    "9": 15.7,
    "10": 17.6,
    "Cause": "Intentional self-harm",
    "Year": 2010,
    "All ages": 12.4,
    "age adjusted rate": 12.1,
    "percentage": 0.016198126
  },
  {
    "0": "*",
    "1": "*",
    "2": 0.6,
    "3": 10,
    "4": 13.1,
    "5": 16.1,
    "6": 19.2,
    "7": 16.4,
    "8": 13.7,
    "9": 15.8,
    "10": 16.4,
    "Cause": "Intentional self-harm",
    "Year": 2009,
    "All ages": 12,
    "age adjusted rate": 11.8,
    "percentage": 0.015741729
  },
  {
    "0": "*",
    "1": "*",
    "2": 0.5,
    "3": 9.9,
    "4": 13.2,
    "5": 15.9,
    "6": 18.6,
    "7": 16,
    "8": 13.6,
    "9": 16.1,
    "10": 16.4,
    "Cause": "Intentional self-harm",
    "Year": 2008,
    "All ages": 11.8,
    "age adjusted rate": 11.6,
    "percentage": 0.014969674
  },
  {
    "0": "*",
    "1": "*",
    "2": 0.5,
    "3": 9.6,
    "4": 13.3,
    "5": 15.7,
    "6": 17.7,
    "7": 15.3,
    "8": 12.4,
    "9": 16.2,
    "10": 17,
    "Cause": "Intentional self-harm",
    "Year": 2007,
    "All ages": 11.5,
    "age adjusted rate": 11.3,
    "percentage": 0.014575003
  },
  {
    "0": "*",
    "1": "*",
    "2": 0.5,
    "3": 9.8,
    "4": 12.7,
    "5": 15.2,
    "6": 17.2,
    "7": 14.4,
    "8": 12.4,
    "9": 15.8,
    "10": 17.3,
    "Cause": "Intentional self-harm",
    "Year": 2006,
    "All ages": 11.2,
    "age adjusted rate": 11,
    "percentage": 0.013892397
  },
  {
    "0": "*",
    "1": "*",
    "2": 0.7,
    "3": 9.9,
    "4": 12.7,
    "5": 15.1,
    "6": 16.5,
    "7": 13.7,
    "8": 12.4,
    "9": 16.8,
    "10": 18.3,
    "Cause": "Intentional self-harm",
    "Year": 2005,
    "All ages": 11,
    "age adjusted rate": 10.9,
    "percentage": 0.013374233
  },
  {
    "0": "*",
    "1": "*",
    "2": 0.7,
    "3": 10.3,
    "4": 12.9,
    "5": 15.2,
    "6": 16.6,
    "7": 13.7,
    "8": 12.2,
    "9": 16.3,
    "10": 17.6,
    "Cause": "Intentional self-harm",
    "Year": 2004,
    "All ages": 11.1,
    "age adjusted rate": 11,
    "percentage": 0.013518496
  },
  {
    "0": "*",
    "1": "*",
    "2": 0.6,
    "3": 9.6,
    "4": 12.9,
    "5": 15,
    "6": 15.9,
    "7": 13.7,
    "8": 12.6,
    "9": 16.4,
    "10": 17.9,
    "Cause": "Intentional self-harm",
    "Year": 2003,
    "All ages": 10.9,
    "age adjusted rate": 10.8,
    "percentage": 0.012803794
  },
  {
    "0": "*",
    "1": "*",
    "2": 0.6,
    "3": 9.8,
    "4": 12.8,
    "5": 15.3,
    "6": 15.8,
    "7": 13.5,
    "8": 13.4,
    "9": 17.7,
    "10": 18.9,
    "Cause": "Intentional self-harm",
    "Year": 2002,
    "All ages": 11,
    "age adjusted rate": 10.9,
    "percentage": 0.012735133
  },
  {
    "0": "*",
    "1": "*",
    "2": 0.7,
    "3": 9.9,
    "4": 12.8,
    "5": 14.7,
    "6": 15.1,
    "7": 13.2,
    "8": 13.2,
    "9": 17.4,
    "10": 17.8,
    "Cause": "Intentional self-harm",
    "Year": 2001,
    "All ages": 10.7,
    "age adjusted rate": 10.7,
    "percentage": 0.012459245
  },
  {
    "0": "*",
    "1": "*",
    "2": 0.7,
    "3": 10.2,
    "4": 12,
    "5": 14.5,
    "6": 14.4,
    "7": 12.1,
    "8": 12.5,
    "9": 17.6,
    "10": 19.6,
    "Cause": "Intentional self-harm",
    "Year": 2000,
    "All ages": 10.4,
    "age adjusted rate": 10.4,
    "percentage": 0.011967779
  },
  {
    "0": "*",
    "1": "*",
    "2": 0.6,
    "3": 10.1,
    "4": 12.7,
    "5": 14.3,
    "6": 13.9,
    "7": 12.2,
    "8": 13.4,
    "9": 18.1,
    "10": 19.3,
    "Cause": "Intentional self-harm",
    "Year": 1999,
    "All ages": 10.5,
    "age adjusted rate": 10.5,
    "percentage": 0.011991777
  },
  {
    "0": 0.9,
    "1": 0.3,
    "2": 0.1,
    "3": 12.8,
    "4": 35.9,
    "5": 36.6,
    "6": 36.5,
    "7": 27.7,
    "8": 9.2,
    "9": 4.1,
    "10": 5.3,
    "Cause": "Drug-induced",
    "Year": 2016,
    "All ages": 20.8,
    "age adjusted rate": 20.8,
    "percentage": 0.028540066
  },
  {
    "0": 0.7,
    "1": 0.4,
    "2": 0.1,
    "3": 10,
    "4": 28,
    "5": 29.6,
    "6": 31.9,
    "7": 23.3,
    "8": 8.1,
    "9": 4.4,
    "10": 5.6,
    "Cause": "Drug-induced",
    "Year": 2015,
    "All ages": 17.2,
    "age adjusted rate": 17.2,
    "percentage": 0.023462011
  },
  {
    "0": 0.6,
    "1": 0.3,
    "2": 0.1,
    "3": 8.9,
    "4": 24,
    "5": 26.2,
    "6": 29.8,
    "7": 21.7,
    "8": 7.6,
    "9": 4.4,
    "10": 5,
    "Cause": "Drug-induced",
    "Year": 2014,
    "All ages": 15.6,
    "age adjusted rate": 15.5,
    "percentage": 0.021391112
  },
  {
    "0": 0.8,
    "1": 0.3,
    "2": 0.1,
    "3": 8.6,
    "4": 21.7,
    "5": 24.1,
    "6": 29,
    "7": 20.6,
    "8": 7.1,
    "9": 4.4,
    "10": 5.3,
    "Cause": "Drug-induced",
    "Year": 2013,
    "All ages": 14.7,
    "age adjusted rate": 14.6,
    "percentage": 0.01994808
  },
  {
    "0": 0.8,
    "1": 0.2,
    "2": 0.1,
    "3": 8.3,
    "4": 20.9,
    "5": 23.1,
    "6": 28.3,
    "7": 17.9,
    "8": 6.5,
    "9": 4,
    "10": 5.1,
    "Cause": "Drug-induced",
    "Year": 2012,
    "All ages": 14,
    "age adjusted rate": 13.8,
    "percentage": 0.018831878
  },
  {
    "0": 0.6,
    "1": 0.2,
    "2": 0.1,
    "3": 8.9,
    "4": 20.9,
    "5": 23.4,
    "6": 28.2,
    "7": 17.1,
    "8": 6,
    "9": 4,
    "10": 4.9,
    "Cause": "Drug-induced",
    "Year": 2011,
    "All ages": 14,
    "age adjusted rate": 13.9,
    "percentage": 0.018750843
  },
  {
    "0": 0.6,
    "1": 0.3,
    "2": 0.2,
    "3": 8.4,
    "4": 19.2,
    "5": 21.7,
    "6": 26.5,
    "7": 16.2,
    "8": 5.2,
    "9": 4,
    "10": 5.5,
    "Cause": "Drug-induced",
    "Year": 2010,
    "All ages": 13.1,
    "age adjusted rate": 12.9,
    "percentage": 0.017269076
  },
  {
    "0": 0.8,
    "1": 0.2,
    "2": 0.1,
    "3": 8,
    "4": 17.8,
    "5": 21.5,
    "6": 26.9,
    "7": 14.9,
    "8": 5.4,
    "9": 4.5,
    "10": 5.1,
    "Cause": "Drug-induced",
    "Year": 2009,
    "All ages": 12.8,
    "age adjusted rate": 12.6,
    "percentage": 0.016808965
  },
  {
    "0": 0.5,
    "1": 0.3,
    "2": 0.1,
    "3": 8.3,
    "4": 17.4,
    "5": 22.2,
    "6": 26.8,
    "7": 14,
    "8": 5.2,
    "9": 4,
    "10": 5,
    "Cause": "Drug-induced",
    "Year": 2008,
    "All ages": 12.7,
    "age adjusted rate": 12.6,
    "percentage": 0.016260163
  },
  {
    "0": 0.8,
    "1": 0.3,
    "2": 0.2,
    "3": 8.5,
    "4": 17.5,
    "5": 22.6,
    "6": 26.8,
    "7": 13.4,
    "8": 4.6,
    "9": 3.9,
    "10": 5.2,
    "Cause": "Drug-induced",
    "Year": 2007,
    "All ages": 12.7,
    "age adjusted rate": 12.6,
    "percentage": 0.016251774
  },
  {
    "0": 1.1,
    "1": 0.2,
    "2": 0.1,
    "3": 8.5,
    "4": 17.2,
    "5": 23.5,
    "6": 26.7,
    "7": 12.1,
    "8": 5.2,
    "9": 6,
    "10": 8.8,
    "Cause": "Drug-induced",
    "Year": 2006,
    "All ages": 12.9,
    "age adjusted rate": 12.8,
    "percentage": 0.016165698
  },
  {
    "0": 0.9,
    "1": 0.2,
    "2": 0.1,
    "3": 7.3,
    "4": 14.6,
    "5": 21.5,
    "6": 23.6,
    "7": 10.6,
    "8": 4.7,
    "9": 5.4,
    "10": 8.3,
    "Cause": "Drug-induced",
    "Year": 2005,
    "All ages": 11.3,
    "age adjusted rate": 11.3,
    "percentage": 0.013865031
  },
  {
    "0": 0.7,
    "1": 0.2,
    "2": 0.2,
    "3": 6.9,
    "4": 12.9,
    "5": 21.1,
    "6": 21.7,
    "7": 9,
    "8": 4.2,
    "9": 4.8,
    "10": 6.7,
    "Cause": "Drug-induced",
    "Year": 2004,
    "All ages": 10.5,
    "age adjusted rate": 10.5,
    "percentage": 0.012904019
  },
  {
    "0": 0.6,
    "1": 0.2,
    "2": 0.1,
    "3": 6.3,
    "4": 12.3,
    "5": 20.7,
    "6": 20,
    "7": 8,
    "8": 4.1,
    "9": 4.2,
    "10": 6.3,
    "Cause": "Drug-induced",
    "Year": 2003,
    "All ages": 9.9,
    "age adjusted rate": 9.9,
    "percentage": 0.011736811
  },
  {
    "0": 0.7,
    "1": 0.2,
    "2": 0.1,
    "3": 5.4,
    "4": 11.3,
    "5": 19.8,
    "6": 18,
    "7": 6.8,
    "8": 3.6,
    "9": 3.8,
    "10": 6,
    "Cause": "Drug-induced",
    "Year": 2002,
    "All ages": 9.1,
    "age adjusted rate": 9.1,
    "percentage": 0.010632083
  },
  {
    "0": 0.5,
    "1": 0.2,
    "2": 0.1,
    "3": 4.5,
    "4": 9.5,
    "5": 17,
    "6": 14.7,
    "7": 5.4,
    "8": 3,
    "9": 3.5,
    "10": 5.2,
    "Cause": "Drug-induced",
    "Year": 2001,
    "All ages": 7.6,
    "age adjusted rate": 7.6,
    "percentage": 0.008849558
  },
  {
    "0": "*",
    "1": "*",
    "2": 0.1,
    "3": 4,
    "4": 8.8,
    "5": 16,
    "6": 13.2,
    "7": 4.9,
    "8": 2.6,
    "9": 3.5,
    "10": 5.7,
    "Cause": "Drug-induced",
    "Year": 2000,
    "All ages": 7,
    "age adjusted rate": 7,
    "percentage": 0.008055236
  },
  {
    "0": 0.6,
    "1": 0.2,
    "2": 0.1,
    "3": 3.5,
    "4": 8.9,
    "5": 15.7,
    "6": 12.6,
    "7": 4.9,
    "8": 3,
    "9": 3.8,
    "10": 4.8,
    "Cause": "Drug-induced",
    "Year": 1999,
    "All ages": 6.9,
    "age adjusted rate": 6.8,
    "percentage": 0.007766103
  },
  {
    "0": "*",
    "1": "*",
    "2": "*",
    "3": 0.4,
    "4": 3.6,
    "5": 9.2,
    "6": 21.4,
    "7": 29.7,
    "8": 20.3,
    "9": 11.8,
    "10": 6.3,
    "Cause": "Alcohol-induced",
    "Year": 2016,
    "All ages": 10.8,
    "age adjusted rate": 9.5,
    "percentage": 0.013035126
  },
  {
    "0": "*",
    "1": "*",
    "2": "*",
    "3": 0.4,
    "4": 3.2,
    "5": 8.7,
    "6": 21.6,
    "7": 28.2,
    "8": 19.1,
    "9": 11.2,
    "10": 5.8,
    "Cause": "Alcohol-induced",
    "Year": 2015,
    "All ages": 10.3,
    "age adjusted rate": 9.1,
    "percentage": 0.012413041
  },
  {
    "0": "*",
    "1": "*",
    "2": "*",
    "3": 0.3,
    "4": 2.8,
    "5": 8,
    "6": 20.4,
    "7": 26.8,
    "8": 17.6,
    "9": 10.5,
    "10": 5.6,
    "Cause": "Alcohol-induced",
    "Year": 2014,
    "All ages": 9.6,
    "age adjusted rate": 8.5,
    "percentage": 0.01173061
  },
  {
    "0": "*",
    "1": "*",
    "2": "*",
    "3": 0.3,
    "4": 2.5,
    "5": 7.7,
    "6": 20.1,
    "7": 25.3,
    "8": 16.6,
    "9": 10.3,
    "10": 4.9,
    "Cause": "Alcohol-induced",
    "Year": 2013,
    "All ages": 9.2,
    "age adjusted rate": 8.2,
    "percentage": 0.011203716
  },
  {
    "0": "*",
    "1": "*",
    "2": "*",
    "3": 0.4,
    "4": 2.4,
    "5": 7.4,
    "6": 20,
    "7": 24.1,
    "8": 15.8,
    "9": 10.3,
    "10": 5,
    "Cause": "Alcohol-induced",
    "Year": 2012,
    "All ages": 8.8,
    "age adjusted rate": 8,
    "percentage": 0.010917031
  },
  {
    "0": "*",
    "1": "*",
    "2": "*",
    "3": 0.4,
    "4": 2.1,
    "5": 7.6,
    "6": 19.8,
    "7": 22.7,
    "8": 15.2,
    "9": 9.6,
    "10": 5.1,
    "Cause": "Alcohol-induced",
    "Year": 2011,
    "All ages": 8.6,
    "age adjusted rate": 7.7,
    "percentage": 0.010387158
  },
  {
    "0": "*",
    "1": "*",
    "2": "*",
    "3": 0.3,
    "4": 2.2,
    "5": 7.5,
    "6": 19.1,
    "7": 21.9,
    "8": 15.8,
    "9": 9.6,
    "10": 5.3,
    "Cause": "Alcohol-induced",
    "Year": 2010,
    "All ages": 8.3,
    "age adjusted rate": 7.6,
    "percentage": 0.010174029
  },
  {
    "0": "*",
    "1": "*",
    "2": "*",
    "3": 0.4,
    "4": 1.8,
    "5": 7.6,
    "6": 18.7,
    "7": 20.8,
    "8": 15.1,
    "9": 9.2,
    "10": 4.8,
    "Cause": "Alcohol-induced",
    "Year": 2009,
    "All ages": 8,
    "age adjusted rate": 7.4,
    "percentage": 0.009871932
  },
  {
    "0": "*",
    "1": "*",
    "2": "*",
    "3": 0.4,
    "4": 2,
    "5": 7.6,
    "6": 18.6,
    "7": 20.7,
    "8": 15.3,
    "9": 9.4,
    "10": 5.2,
    "Cause": "Alcohol-induced",
    "Year": 2008,
    "All ages": 8,
    "age adjusted rate": 7.4,
    "percentage": 0.009549619
  },
  {
    "0": "*",
    "1": "*",
    "2": "*",
    "3": 0.4,
    "4": 1.9,
    "5": 7.3,
    "6": 18.2,
    "7": 19.9,
    "8": 15.2,
    "9": 9.6,
    "10": 5,
    "Cause": "Alcohol-induced",
    "Year": 2007,
    "All ages": 7.7,
    "age adjusted rate": 7.2,
    "percentage": 0.009286728
  },
  {
    "0": "*",
    "1": "*",
    "2": "*",
    "3": 0.3,
    "4": 1.6,
    "5": 7.5,
    "6": 17.5,
    "7": 19.2,
    "8": 14.5,
    "9": 9.7,
    "10": 5.3,
    "Cause": "Alcohol-induced",
    "Year": 2006,
    "All ages": 7.4,
    "age adjusted rate": 7,
    "percentage": 0.008840616
  },
  {
    "0": "*",
    "1": "*",
    "2": "*",
    "3": 0.4,
    "4": 1.4,
    "5": 7.5,
    "6": 17.6,
    "7": 19.4,
    "8": 14.9,
    "9": 9.2,
    "10": 5,
    "Cause": "Alcohol-induced",
    "Year": 2005,
    "All ages": 7.3,
    "age adjusted rate": 7,
    "percentage": 0.008588957
  },
  {
    "0": "*",
    "1": "*",
    "2": "*",
    "3": 0.3,
    "4": 1.6,
    "5": 7.7,
    "6": 17.3,
    "7": 18.6,
    "8": 15.5,
    "9": 9.2,
    "10": 4.6,
    "Cause": "Alcohol-induced",
    "Year": 2004,
    "All ages": 7.2,
    "age adjusted rate": 7,
    "percentage": 0.008602679
  },
  {
    "0": "*",
    "1": "*",
    "2": "*",
    "3": 0.3,
    "4": 1.5,
    "5": 8.1,
    "6": 17.3,
    "7": 18.5,
    "8": 15,
    "9": 9.2,
    "10": 4.3,
    "Cause": "Alcohol-induced",
    "Year": 2003,
    "All ages": 7.1,
    "age adjusted rate": 7,
    "percentage": 0.008298755
  },
  {
    "0": "*",
    "1": "*",
    "2": "*",
    "3": 0.3,
    "4": 1.5,
    "5": 8.1,
    "6": 16.9,
    "7": 18.3,
    "8": 15.4,
    "9": 9.3,
    "10": 4.6,
    "Cause": "Alcohol-induced",
    "Year": 2002,
    "All ages": 7,
    "age adjusted rate": 6.9,
    "percentage": 0.008061689
  },
  {
    "0": "*",
    "1": "*",
    "2": "*",
    "3": 0.3,
    "4": 1.6,
    "5": 8.3,
    "6": 17.1,
    "7": 18.3,
    "8": 15.5,
    "9": 9.6,
    "10": 5.1,
    "Cause": "Alcohol-induced",
    "Year": 2001,
    "All ages": 7.1,
    "age adjusted rate": 7,
    "percentage": 0.008150908
  },
  {
    "0": "*",
    "1": "*",
    "2": "*",
    "3": 0.2,
    "4": 1.6,
    "5": 8.5,
    "6": 16.3,
    "7": 18.7,
    "8": 15.8,
    "9": 9.9,
    "10": 5.4,
    "Cause": "Alcohol-induced",
    "Year": 2000,
    "All ages": 7,
    "age adjusted rate": 7,
    "percentage": 0.008055236
  },
  {
    "0": "*",
    "1": "*",
    "2": "*",
    "3": 0.3,
    "4": 1.6,
    "5": 8.5,
    "6": 16.4,
    "7": 18.7,
    "8": 15.9,
    "9": 10.6,
    "10": 5.5,
    "Cause": "Alcohol-induced",
    "Year": 1999,
    "All ages": 7,
    "age adjusted rate": 7.1,
    "percentage": 0.008108725
  }
]
